userEmail,userPassword

aaron51@gmail.com,123456
acarrillo@yahoo.com,123456
browncarol@gmail.com,123456
jesse30@hernandez.net,123456
megan50@yahoo.com,123456
brian33@yahoo.com,123456
timothy40@kaufman.org,123456
cortezjuan@hotmail.com,123456
samantha12@rodriguez.com,123456
dominic43@hotmail.com,123456
barnespamela@mullen.com,123456
murphyrandy@kaiser.org,123456
ramosdiane@blevins.com,123456
smithkelsey@wallace-marshall.com,123456
cynthia96@smith-mendez.com,123456
jennifer42@hotmail.com,123456
sheila81@gmail.com,123456
andersonmartha@johnson.com,123456
pettyjacqueline@yahoo.com,123456
solomonkathryn@ortiz-clark.com,123456
tgrant@gmail.com,123456
jenniferhamilton@garcia.biz,123456
phillip89@hotmail.com,123456
tyler10@martin.com,123456
popelynn@gmail.com,123456
sullivansamuel@steele.com,123456
osummers@hotmail.com,123456
khall@gmail.com,123456
scottfrye@gmail.com,123456
margaret26@hotmail.com,123456
chriscochran@gmail.com,123456
williamcollins@hotmail.com,123456
candicekelley@hotmail.com,123456
blackwelldavid@hotmail.com,123456
berrykevin@bell.org,123456
joeferguson@gmail.com,123456
matthewbarber@hamilton.biz,123456
beththomas@hotmail.com,123456
michaelsoto@patterson.com,123456
baileymichael@gmail.com,123456
hpeters@hotmail.com,123456
melissa55@yahoo.com,123456
james69@hotmail.com,123456
cmartin@berry-hansen.com,123456
wendy43@chan.com,123456
evanskimberly@hotmail.com,123456
tsimpson@gmail.com,123456
jennifer12@yahoo.com,123456
rodneymoon@donaldson.net,123456
danielsmatthew@hotmail.com,123456
ifletcher@reese.com,123456
justinlogan@gmail.com,123456
amy61@yahoo.com,123456
goodwinandrew@hood-burke.org,123456
colin47@miller.biz,123456
rhonda36@gmail.com,123456
gibsonpatrick@yahoo.com,123456
hwashington@soto.com,123456
rcarter@cline-anderson.com,123456
chad81@gmail.com,123456
hguerrero@brown.com,123456
gmathis@gmail.com,123456
iswanson@yahoo.com,123456
codykemp@hotmail.com,123456
thomasmary@hotmail.com,123456
cassandra35@hotmail.com,123456
angelicalee@yahoo.com,123456
taylor24@gmail.com,123456
crystal71@young-richards.com,123456
justin10@yahoo.com,123456
afleming@yahoo.com,123456
kirkkevin@powell-carter.info,123456
sblack@farrell.com,123456
gravesmonica@yahoo.com,123456
cheyenne21@gmail.com,123456
anthony27@gmail.com,123456
ballardjames@yahoo.com,123456
michaelmendoza@yahoo.com,123456
amendez@villegas.com,123456
wongpatrick@gmail.com,123456
ann79@gmail.com,123456
jasonmathis@hotmail.com,123456
christopher51@hotmail.com,123456
christine79@stone-chambers.com,123456
dpadilla@yahoo.com,123456
thomasmartin@yahoo.com,123456
hernandezcaitlin@sanchez.com,123456
goldendavid@crawford-graham.com,123456
anthony22@yahoo.com,123456
andrew63@yahoo.com,123456
megan91@washington.info,123456
richardsonpaul@yahoo.com,123456
uboyd@yahoo.com,123456
vickiegeorge@johnson-wood.com,123456
dixonamanda@gmail.com,123456
donna11@hotmail.com,123456
tinaburnett@cummings.com,123456
peter15@gmail.com,123456
brian54@gmail.com,123456
lhicks@walker.com,123456
